{"cameraMode":{"drawMode":0,"name":"Shaded","section":"Shading Mode"},"sceneLighting":false,"audioPlay":false,"sceneViewState":{"m_AlwaysRefresh":false,"showFog":true,"showSkybox":false,"showFlares":true,"showImageEffects":true,"showParticleSystems":true,"showVisualEffectGraphs":true,"m_FxEnabled":true},"in2DMode":false,"pivot":{"x":-0.17515617609024049,"y":1.0866789817810059,"z":0.3452491760253906},"rotation":{"x":0.02023775689303875,"y":-0.9745959639549255,"z":0.20009854435920716,"w":0.09856849908828736},"size":0.7563237547874451,"orthographic":false}