{"cameraMode":{"drawMode":0,"name":"Shaded","section":"Shading Mode"},"sceneLighting":true,"audioPlay":false,"sceneViewState":{"m_AlwaysRefresh":false,"showFog":true,"showSkybox":true,"showFlares":true,"showImageEffects":true,"showParticleSystems":true,"showVisualEffectGraphs":true,"m_FxEnabled":true},"in2DMode":false,"pivot":{"x":-0.588611900806427,"y":0.9836519956588745,"z":-1.266700267791748},"rotation":{"x":-0.00019511814753059298,"y":-0.9914587736129761,"z":-0.0014868699945509434,"w":0.13042208552360536},"size":3.551558256149292,"orthographic":false}